Training type,Source,Resource,Link,Research Phase,Broad skill,Skill bite,Red skill,Tool,Status,Notes
Census,Website,About UK censuses,https://ukdataservice.ac.uk/learning-hub/census/,Explore data,Understand key features of census data,Basics,,,,
Census,Website,Census aggregate data guide,https://ukdataservice.ac.uk/learning-hub/census/,Explore data,Awareness of the different types of census data,Aggregate data,,,,
Census,Website,Obtaining census aggregate data,https://ukdataservice.ac.uk/learning-hub/census/,Get data,How to find and download census data,Aggregate data tools,,InFuse,,
Census,Website,Obtaining census aggregate data,https://ukdataservice.ac.uk/learning-hub/census/,Get data,How to find and download census data,Aggregate data tools,,DKAN,,
Census,Website,Obtaining census aggregate data,https://ukdataservice.ac.uk/learning-hub/census/,Get data,How to find and download census data,Aggregate data tools,,Casweb,,
Census,Website,Census boundary data,https://ukdataservice.ac.uk/learning-hub/census/,Explore data,Awareness of the different types of census data,Boundary data,,,,
Census,Website,Obtaining census boundary data,https://ukdataservice.ac.uk/learning-hub/census/,Get data,How to find and download census data,Boundary data tools,,Easy Download,,
Census,Website,Obtaining census boundary data,https://ukdataservice.ac.uk/learning-hub/census/,Get data,How to find and download census data,Boundary data tools,,Boundary Data Selector,,
Census,Website,Obtaining census boundary data,https://ukdataservice.ac.uk/learning-hub/census/,Get data,How to find and download census data,Boundary data tools,,GeoConvert,,
Census,Website,Census flow data online guide,https://ukdataservice.ac.uk/learning-hub/census/,Explore data,Awareness of the different types of census data                                                                                                                                                               ,Flow data,,,,
Census,Website,Obtaining census flow data,https://ukdataservice.ac.uk/learning-hub/census/,Get data,How to find and download census data                                                                                           ,Flow data tools,,WICID,,
Census,Website,Census microdata guide,https://ukdataservice.ac.uk/learning-hub/census/,Explore data,Awareness of the different types of census data                                                                                                                                                                     ,Microdata,,,,
Census,Website,What can the census microdata tell us,https://ukdataservice.ac.uk/learning-hub/census/,Plan research,Understand potential uses of census data ,Microdata,,,,
Census,Website,Use of census data ,https://ukdataservice.ac.uk/learning-hub/census/,Plan research,Understand potential uses of census data,,,,,
Census,Website,Census definitions ,https://ukdataservice.ac.uk/learning-hub/census/about-uk-censuses/census-definitions/,Explore data,Understand key features of census data,Census documentation,,,,
Census,Website,Census forms ,https://ukdataservice.ac.uk/learning-hub/census/about-uk-censuses/census-definitions/,Explore data,Understand key features of census data,Census documentation,,,,
Census,Website,Census agencies websites ,https://ukdataservice.ac.uk/learning-hub/census/about-uk-censuses/census-agencies-websites/,Explore data,Understand key features of census data,Census agencies,,,,
Census,PDF,The UK Census Longitudinal Datasets ,https://dam.ukdataservice.ac.uk/media/604373/ukcensuslongitudinaldatasets060516.pdf,Explore data,Awareness of the different types of census data,Longitudinal datasets,,,,
Census,PDF,An Overview of the 2021 Census Design_x000D_,https://dam.ukdataservice.ac.uk/media/455472/comptonblake.pdf,Explore data,Understand potential uses of census data                                             ,,,,,
Census,PDF,An Overview of the 2021 Census Design_x000D_,https://dam.ukdataservice.ac.uk/media/455472/comptonblake.pdf,Explore data,Understand key features of census data,Census agencies,,,,
Census,PDF,Census 2011  Geography ,https://dam.ukdataservice.ac.uk/media/622458/reid.pdf,Explore data,Understand potential uses of census data                                             ,,,,,
Census,PDF,Census 2011 Geography ,https://dam.ukdataservice.ac.uk/media/622458/reid.pdf,Explore data,Understand key features of census data,Census agencies,,,,
Census,PDF,Census  2011 Geography ,https://dam.ukdataservice.ac.uk/media/622458/reid.pdf,Explore data,Understand key features of census data,Microdata,,,,
Census,Website,Census data,https://ukdataservice.ac.uk/help/data-types/census-data/,Explore data,Awareness of the different types of census data,Aggregate data,,,,
Census,Website,Census data,https://ukdataservice.ac.uk/help/data-types/census-data/,Explore data,Awareness of the different types of census data,Flow data,,,,
Census,Website,Census data,https://ukdataservice.ac.uk/help/data-types/census-data/,Explore data,Awareness of the different types of census data,Boundary data,,,,
Census,Website,Census data,https://ukdataservice.ac.uk/help/data-types/census-data/,Explore data,Awareness of the different types of census data,Microdata,,,,
Census,PDF,Mapping 2011 Census microdata using R guide ,https://ukdataservice.ac.uk//app/uploads/mapping-2011-census-microdata-using-r.pdf,Explore data,Understand ways in which different types of census data can be used together  ,Microdata,,R,,
Census,PDF,Mapping 2011 Census microdata using R guide ,https://ukdataservice.ac.uk//app/uploads/mapping-2011-census-microdata-using-r.pdf,Explore data,Understand ways in which different types of census data can be used together  ,Boundary data,,R,,
Census,PDF,Mapping 2011 Census microdata using R guide ,https://ukdataservice.ac.uk//app/uploads/mapping-2011-census-microdata-using-r.pdf,Prepare data,Manipulate data for analysis,Derive new variables,,R,,
Census,Website,Webinars  census ,https://ukdataservice.ac.uk/learning-hub/census/use-of-census-data/webinars-census/,Tools software and coding skills,Introduction to software tools and their key features,Read in data,,R,,
Census,Video,Introduction to census,"https://www.youtube.com/watch?v=_PbKScK6qfo, https://ukdataservice.ac.uk//app/uploads/censuswebinar17nov2016.pdf",Explore data,Understand key features of census data,Basics,,,,
Census,Video,Introduction to census,"https://www.youtube.com/watch?v=_PbKScK6qfo, https://ukdataservice.ac.uk//app/uploads/censuswebinar17nov2016.pdf",Explore data,Understand key features of census data,Microdata,,,,
Census,Video,Introduction to census,"https://www.youtube.com/watch?v=_PbKScK6qfo, https://ukdataservice.ac.uk//app/uploads/censuswebinar17nov2016.pdf",Explore data,Understand key features of census data,Flow data,,,,
Census,Video,Introduction to census,"https://www.youtube.com/watch?v=_PbKScK6qfo, https://ukdataservice.ac.uk//app/uploads/censuswebinar17nov2016.pdf",Explore data,Understand key features of census data,Boundary data,,,,
Census,Video,Introduction to census,"https://www.youtube.com/watch?v=_PbKScK6qfo, https://ukdataservice.ac.uk//app/uploads/censuswebinar17nov2016.pdf",Explore data,Understand key features of census data,Aggregate data,,,,
Census,Video,UK Census Longitudinal Datasets ,https://www.youtube.com/watch?v=ikTj9oa04fs&ab_channel=UKDATASERVICE,Explore data,Awareness of the different types of census data,Longitudinal datasets,,,,
Census,Video, Census and population studies ,https://www.youtube.com/watch?v=qXX6sCsOgoA&ab_channel=UKDATASERVICE,Explore data,Understand key features of census data,Basics,,,,
Census,Video,Census 2018,https://www.youtube.com/watch?v=QQXtdSUWBjU&ab_channel=UKDATASERVICE,Explore data,Understand key features of census data ,Basics,,,,
Census,Video,Census 2018,https://www.youtube.com/watch?v=QQXtdSUWBjU&ab_channel=UKDATASERVICE,Explore data,Understand key features of census data ,Microdata,,,,
Census,Video,Census 2018,https://www.youtube.com/watch?v=QQXtdSUWBjU&ab_channel=UKDATASERVICE,Explore data,Understand key features of census data ,Flow data,,,,
Census,Video,Census 2018,https://www.youtube.com/watch?v=QQXtdSUWBjU&ab_channel=UKDATASERVICE,Explore data,Understand key features of census data ,Boundary data,,,,
Census,Video,Census 2018,https://www.youtube.com/watch?v=QQXtdSUWBjU&ab_channel=UKDATASERVICE,Explore data,Understand key features of census data ,Aggregate data,,,,
Census,Video,Census 2018,https://www.youtube.com/watch?v=QQXtdSUWBjU&ab_channel=UKDATASERVICE,Explore data,Understand key features of census data,Flow data,,,,
Census,Video,Census 2018,https://www.youtube.com/watch?v=QQXtdSUWBjU&ab_channel=UKDATASERVICE,Explore data,Understand key features of census data,Boundary data,,,,
Census,Video,Census 2018,https://www.youtube.com/watch?v=QQXtdSUWBjU&ab_channel=UKDATASERVICE,Explore data,Understand key features of census data,Aggregate data,,,,
Census,Video,Census 2018,https://www.youtube.com/watch?v=QQXtdSUWBjU&ab_channel=UKDATASERVICE,Explore data,Understand key features of census data,Microdata,,,,
Census,Video, Evidence and impact using census data ,https://www.youtube.com/watch?v=PzplpvdzLws&ab_channel=UKDATASERVICE,Explore data,Understand potential uses of census data,,,,,
Census,Video,Journey to work data in the UK  ,https://www.youtube.com/watch?v=qJ9U0DTnZoY&ab_channel=UKDATASERVICE,Explore data,Awareness of the different types of census data                       ,Microdata,,,,
Census,Website,Census agencies websites ,https://ukdataservice.ac.uk/learning-hub/census/about-uk-censuses/census-agencies-websites/,Explore data,Understand key features of census data,Census agencies,,,,
Census,Website,The value of census statistics_x000D_,https://dam.ukdataservice.ac.uk/media/455474/cope.pdf,Explore data,Understand potential uses of census data,,,,,
Census,Website,The value of census statistics_x000D_,https://dam.ukdataservice.ac.uk/media/455474/cope.pdf,Explore data,Understand key features of census data,Basics,,,,
Census,Website,Census 2021/2022 could be the most important Census in decades ,https://ukdataservice.ac.uk/2021/03/12/census-2021-2022-could-be-the-most-important-census-in-decades/,Explore data,Understand potential uses of census data,,,,,
Census,PDF,2021 Census what is planned and how will you use it?,https://ukdataservice.ac.uk//app/uploads/censusupdate6mar20.pdf,Explore data,Understand potential uses of census data,,,,,
Census,PDF,2021 Census what is planned and how will you use it?,https://ukdataservice.ac.uk//app/uploads/censusupdate6mar20.pdf,Explore data,Understand potential uses of census data,Aggregate data,,,,
Census,PDF,2021 Census what is planned and how will you use it? ,https://ukdataservice.ac.uk//app/uploads/censusupdate6mar20.pdf,Explore data,Understand potential uses of census data,Microdata,,,,
Census,PDF,2021 Census what is planned and how will you use it? ,https://ukdataservice.ac.uk//app/uploads/censusupdate6mar20.pdf,Explore data,Understand potential uses of census data,Flow data,,,,
Census,PDF,2021 Census what is planned and how will you use it? ,https://ukdataservice.ac.uk//app/uploads/censusupdate6mar20.pdf,Explore data,Understand potential uses of census data,Boundary data,,,,
Census,Event ,A showcase of student research using the ONS Longitudinal Study and Census microdata ,https://ukdataservice.ac.uk/events/a-showcase-of-student-research-using-the-ons-longitudinal-study-and-census-microdata/,Explore data,Understand potential uses of census data,Microdata,,,,
Census,Event ,2021 Census what to expect from the UK Data Service ,https://ukdataservice.ac.uk/events/webinar-2021-census-what-to-expect-from-the-uk-data-service/,Explore data,Understand potential uses of census data,,,,Edit needed,
Census,Event ,2021 Census what to expect from the UK Data Service ,https://ukdataservice.ac.uk/events/webinar-2021-census-what-to-expect-from-the-uk-data-service/,Explore data,Understand potential uses of census data,Aggregate data,,,,
Census,Event ,2021 Census what to expect from the UK Data Service ,https://ukdataservice.ac.uk/events/webinar-2021-census-what-to-expect-from-the-uk-data-service/,Explore data,Understand potential uses of census data,Microdata,,,,
Census,Event ,2021 Census what to expect from the UK Data Service ,https://ukdataservice.ac.uk/events/webinar-2021-census-what-to-expect-from-the-uk-data-service/,Explore data,Understand potential uses of census data,Flow data,,,,
Census,Event ,2021 Census what to expect from the UK Data Service ,https://ukdataservice.ac.uk/events/webinar-2021-census-what-to-expect-from-the-uk-data-service/,Explore data,Understand potential uses of census data,Boundary data,,,,
Census,PDF,UK Data Service Introduction to Census ,https://ukdataservice.ac.uk//app/uploads/censuswebinar17nov2016.pdf,Explore data,Understand potential uses of census data ,,,,,
Census,PDF,UK Data Service Introduction to Census ,https://ukdataservice.ac.uk//app/uploads/censuswebinar17nov2016.pdf,Explore data,Understand key features of census data,Basics,,,,
Census,PDF,Comparing 2011 Census data with data from past censuses,https://dam.ukdataservice.ac.uk/media/211697/5_compare_censuses.pdf,Explore data,Awareness of the ways in which we can compare census data ,Boundary data,,,,
Census,Impact blog,Using Linked Census Survey Data to Monitor Survey Non-response ,https://ukdataservice.ac.uk/case-study/using-linked-census-survey-data-to-monitor-survey-non-response/,Explore data,Understand potential uses of census data,,,,,
Census,Video,Introduction to census,"https://www.youtube.com/watch?v=_PbKScK6qfo, https://ukdataservice.ac.uk//app/uploads/censuswebinar17nov2016.pdf",Get data,Downloading UKDS data ,How to find dataset,,,,
Census,Video,Introduction to census,"https://www.youtube.com/watch?v=_PbKScK6qfo, https://ukdataservice.ac.uk//app/uploads/censuswebinar17nov2016.pdf",Get data,Downloading UKDS data ,Access conditions and why they exist  ,,,,
Census,Video,2021 Census,"https://www.youtube.com/watch?v=AeieUN6BsxQ&ab_channel=UKDATASERVICE, https://ukdataservice.ac.uk//app/uploads/censusupdate6mar20.pdf",Get data,Awareness of future census data and when it’ll become available ,,,,,
Census,Website,External resources - census ,https://ukdataservice.ac.uk/learning-hub/census/use-of-census-data/external-resources-census/,Get data,Downloading census data,Awareness of external resources,,,,
Census,Website,FAQs about how to get data and our access policy,https://ukdataservice.ac.uk/help/access-policy/frequently-asked-questions-faqs-about-how-to-get-data-and-our-access-policy/,Get data,Downloading UKDS data ,Access conditions and why they exist  ,,,,
Census,Event ,Online tools for accessing and analysing census data from the UK Data Service,https://ukdataservice.ac.uk/events/online-workshops-online-tools-for-accessing-and-analysing-census-data-from-the-uk-data-service-census-aggregate-data-flow-data-and-microdata/,Get data,How to find and download census data,Aggregate data tools,,InFuse,,
Census,Event ,Online tools for accessing and analysing census data from the UK Data Service,https://ukdataservice.ac.uk/events/online-workshops-online-tools-for-accessing-and-analysing-census-data-from-the-uk-data-service-census-aggregate-data-flow-data-and-microdata/,Get data,How to find and download census data,Aggregate data tools,,DKAN,,
Census,Event ,Online tools for accessing and analysing census data from the UK Data Service,https://ukdataservice.ac.uk/events/online-workshops-online-tools-for-accessing-and-analysing-census-data-from-the-uk-data-service-census-aggregate-data-flow-data-and-microdata/,Get data,How to find and download census data,Aggregate data tools,,Casweb,,
Census,Event ,Online tools for accessing and analysing census data from the UK Data Service,https://ukdataservice.ac.uk/events/online-workshops-online-tools-for-accessing-and-analysing-census-data-from-the-uk-data-service-census-aggregate-data-flow-data-and-microdata/,Get data,How to find and download census data,Aggregate data,,,,
Census,Video,Census 2018,https://www.youtube.com/watch?v=QQXtdSUWBjU&ab_channel=UKDATASERVICE,Get data,Understand key features of census data,How to find dataset,,,,
Census,Video,Census 2018,https://www.youtube.com/watch?v=QQXtdSUWBjU&ab_channel=UKDATASERVICE,Get data,Understand key features of census data,Access conditions and why they exist  ,,,,
Census,Video,Census 2018,https://www.youtube.com/watch?v=QQXtdSUWBjU&ab_channel=UKDATASERVICE,Get data,Understand key features of census data ,How to find dataset,,,,
Census,Video,Census 2018,https://www.youtube.com/watch?v=QQXtdSUWBjU&ab_channel=UKDATASERVICE,Get data,Understand key features of census data ,Access conditions and why they exist  ,,,,
Census,Video,Census 2018,https://www.youtube.com/watch?v=QQXtdSUWBjU&ab_channel=UKDATASERVICE,Get data,Understand key features of census data,Basics,,,,
Census,Website,Exploring census and boundary data  ,https://ukdataservice.ac.uk/help/exploring-data/online-tools-for-exploring-data/,Get data,Downloading UKDS data ,How to find relevant data,,Nesstar,,
Census,Website,Exploring census and boundary data  ,https://ukdataservice.ac.uk/help/exploring-data/online-tools-for-exploring-data/,Get data,Downloading UKDS data ,How to find relevant data,,QualiBank,,
Census,Website,Exploring census and boundary data  ,https://ukdataservice.ac.uk/help/exploring-data/online-tools-for-exploring-data/,Get data,Downloading UKDS data ,How to find relevant data,,InFuse,,
Census,Video,Accessing 2011 Census aggregate data ,https://www.youtube.com/watch?v=vSDgI1Pwt_Q&ab_channel=UKDATASERVICE,Get data,Downloading UKDS data ,How to find dataset,,,,
Census,Video,Citing international and census data ,https://www.youtube.com/watch?v=OFPgFKTo01Y&ab_channel=UKDATASERVICE,Share findings,Cite data and software,Understand how to cite census data ,,,,
Census,Website,Exploring census and boundary data  ,https://ukdataservice.ac.uk/help/exploring-data/online-tools-for-exploring-data/,Tools software and coding skills,Use an online tool to explore the data,,,Nesstar,,
Census,Website,Exploring census and boundary data  ,https://ukdataservice.ac.uk/help/exploring-data/online-tools-for-exploring-data/,Tools software and coding skills,Use an online tool to explore the data,,,QualiBank,,
Census,Website,Exploring census and boundary data  ,https://ukdataservice.ac.uk/help/exploring-data/online-tools-for-exploring-data/,Tools software and coding skills,Use an online tool to explore the data,,,InFuse,,
Census,No resource,,,Get data,Understand what other census data available ,Historic,,,,
Census,No resource,,,Get data,Understand what other census data available ,Icem,,,,
Census,No resource,,,Explore data,Understand the potential uses of historic census data,,,,,
Census microdata,Website,Obtaining 2011 data,https://ukdataservice.ac.uk/learning-hub/census/,Understand data structure,Structure of microdata files   ,,,,,
Census microdata,Website,Obtaining 2011 data,https://ukdataservice.ac.uk/learning-hub/census/,Understand data structure,Understand different microdata file types,When to use file types,,,,
Census microdata,Website,Obtaining 2011 data,https://ukdataservice.ac.uk/learning-hub/census/,Get data,Downloading UKDS data,UKDS access conditions,,,,
Census microdata,Website,Obtaining 2011 data,https://ukdataservice.ac.uk/learning-hub/census/,Understand data structure,Different microdata file types,Topics available in each file,,,,
Census microdata,Video,Accessing and analysing census microdata using Nesstar ,https://www.youtube.com/watch?v=0iBO5glezUA&ab_channel=UKDATASERVICE,Understand data structure,Understand different microdata file types,When to use file types,,,,
Census microdata,Video,Accessing and analysing census microdata using Nesstar ,https://www.youtube.com/watch?v=0iBO5glezUA&ab_channel=UKDATASERVICE,Understand data structure,Downloading UKDS data,UKDS access conditions,,,,
Census microdata,Video,Accessing and analysing census microdata using Nesstar ,https://www.youtube.com/watch?v=0iBO5glezUA&ab_channel=UKDATASERVICE,Understand data structure,Understand different microdata file types,Topics available in each file,,Nesstar,,
Census microdata,Video,Exploring educational inequality using census microdata ,https://www.youtube.com/watch?v=LOOpNHaWCC4&ab_channel=UKDATASERVICE,Explore data,Understand potential uses of census data,,,,,
Census microdata,Video,Using census microdata to explore ethnic inequalities in health ,https://www.youtube.com/watch?v=43_NLBw-8PM&ab_channel=UKDATASERVICE,Explore data,Understand potential uses of census data,,,,,
Census microdata,Website,Enhancing and Enriching Historic Census Microdata  ,https://ukdataservice.ac.uk/about/research-and-development/past-projects/enhancing-and-enriching-historic-census-microdata-eehcm/,Understand data structure,Understand different microdata file types,When to use file types,,,,
Census microdata,Website,Enhancing and Enriching Historic Census Microdata  ,https://ukdataservice.ac.uk/about/research-and-development/past-projects/enhancing-and-enriching-historic-census-microdata-eehcm/,Get data,Downloading UKDS data,UKDS access conditions,,,,
Census microdata,Website,Enhancing and Enriching Historic Census Microdata ,https://ukdataservice.ac.uk/about/research-and-development/past-projects/enhancing-and-enriching-historic-census-microdata-eehcm/,Explore data,Understand potential uses of census data,Historic census data,,,,
Census microdata,PDF,UK Census microdata practical exercises ,https://dam.ukdataservice.ac.uk/media/605098/practicalodw.pdf,Tools software and coding skills,Introduction to software tools and their key features,Analyse microdata ,,Nesstar,,
Census microdata,PDF,UK Census microdata practical exercises ,https://dam.ukdataservice.ac.uk/media/605098/practicalodw.pdf,Tools software and coding skills,Awareness of the different types of census data:  teaching data ,Teaching data,,Nesstar,,
Census boundary data,PDF,Mapping census data in QGIS ,https://ukdataservice.ac.uk//app/uploads/mappingcensusqgis.pdf,Tools software and coding skills,Introduction to software tools and their key features,Understand how to use GIS software,,ARCGIS,,
Census boundary data,PDF,Mapping census data in QGIS ,https://ukdataservice.ac.uk//app/uploads/mappingcensusqgis.pdf,Tools software and coding skills,Introduction to software tools and their key features,Understand how to use GIS software,,QGIS,,
Census boundary data,PDF,Mapping census data in QGIS ,https://ukdataservice.ac.uk//app/uploads/mappingcensusqgis.pdf,Get data,Downloading UKDS data,How to download data from InFuse,,InFuse,,
Census boundary data,PDF,Mapping census data in QGIS ,https://ukdataservice.ac.uk//app/uploads/mappingcensusqgis.pdf,Prepare data,Understand how to clean data,Ensure data can be read into software,,,,
Census boundary data,PDF,Mapping census data in QGIS ,https://ukdataservice.ac.uk//app/uploads/mappingcensusqgis.pdf,Explore data,Visualisations,How to create visualisations of census data,,QGIS,,
Census boundary data,PDF,Mapping census data in QGIS ,https://ukdataservice.ac.uk//app/uploads/mappingcensusqgis.pdf,Explore data,Visualisations,How to present and report maps,,QGIS,,
Census boundary data,PDF,Mapping census data in QGIS ,https://ukdataservice.ac.uk//app/uploads/mappingcensusqgis.pdf,Share findings,Cite data and software,How to cite boundary data,,,,
Census boundary data,Video,Geographical Data Visualisation of UK Census Data ,https://www.youtube.com/watch?v=gwK5dbe0xvo&ab_channel=UKDATASERVICE,Tools software and coding skills,Introduction to software tools and their key features,Understand how to use GIS software,,ARCGIS,,
Census boundary data,Video,Geographical Data Visualisation of UK Census Data ,https://www.youtube.com/watch?v=gwK5dbe0xvo&ab_channel=UKDATASERVICE,Tools software and coding skills,Introduction to software tools and their key features,Understand how to use GIS software,,QGIS,,
Census boundary data,Video,Geographical Data Visualisation of UK Census Data ,https://www.youtube.com/watch?v=gwK5dbe0xvo&ab_channel=UKDATASERVICE,Explore data,Visualisations,How to present and report maps,,QGIS,,
Census boundary data,Video,Geographical Data Visualisation of UK Census Data ,https://www.youtube.com/watch?v=gwK5dbe0xvo&ab_channel=UKDATASERVICE,Explore data,Visualisations,How to create visualisations of census data,,QGIS,,
Census boundary data,Video,Geographical Data Visualisation of UK Census Data ,https://www.youtube.com/watch?v=gwK5dbe0xvo&ab_channel=UKDATASERVICE,Share findings,Communicate findings,Visual presentation skills,,QGIS,,
Census boundary data,Video,Geographical Data Visualisation of UK Census Data ,https://www.youtube.com/watch?v=gwK5dbe0xvo&ab_channel=UKDATASERVICE,Share findings,Communicate findings,Visual presentation skills,,Tableau,,
Census boundary data,Video,Geographical Data Visualisation of UK Census Data ,https://www.youtube.com/watch?v=gwK5dbe0xvo&ab_channel=UKDATASERVICE,Share findings,Communicate findings,Visual presentation skills,,Kepler,,
Census boundary data,Video,Geographical Data Visualisation of UK Census Data ,https://www.youtube.com/watch?v=gwK5dbe0xvo&ab_channel=UKDATASERVICE,Share findings,Communicate findings,Presenting graphs and charts,,QGIS,,
Census boundary data,Video,Geographical Data Visualisation of UK Census Data ,https://www.youtube.com/watch?v=gwK5dbe0xvo&ab_channel=UKDATASERVICE,Share findings,Communicate findings,Presenting graphs and charts,,Tableau,,
Census boundary data,Video,Geographical Data Visualisation of UK Census Data ,https://www.youtube.com/watch?v=gwK5dbe0xvo&ab_channel=UKDATASERVICE,Share findings,Communicate findings,Presenting graphs and charts,,Kepler,,
Census boundary data,Video,Using open UK Data Service Census Support datasets in open source GIS software ,https://www.youtube.com/watch?v=C7tSuGO67eg&ab_channel=UKDATASERVICE,Tools software and coding skills,Introduction to software tools and their key features,Understand how to use GIS software,,ARCGIS,,
Census boundary data,Video,Using open UK Data Service Census Support datasets in open source GIS software ,https://www.youtube.com/watch?v=C7tSuGO67eg&ab_channel=UKDATASERVICE,Tools software and coding skills,Introduction to software tools and their key features,Understand how to use GIS software,,QGIS,,
Census boundary data,Video,Using open UK Data Service Census Support datasets in open source GIS software ,https://www.youtube.com/watch?v=C7tSuGO67eg&ab_channel=UKDATASERVICE,Get data,Downloading UKDS data,How to download data from InFuse,,InFuse,,
Census boundary data,Video,Using open UK Data Service Census Support datasets in open source GIS software ,https://www.youtube.com/watch?v=C7tSuGO67eg&ab_channel=UKDATASERVICE,Get data,Downloading UKDS data,Where to find census data,,InFuse,,
Census boundary data,Video,Using open UK Data Service Census Support datasets in open source GIS software ,https://www.youtube.com/watch?v=C7tSuGO67eg&ab_channel=UKDATASERVICE,Explore data,Visualisations,How to create visualisations of census data,,QGIS,,
Census boundary data,Video,Adding real world GIS and census data to agent-based modelling for social scientists,https://www.youtube.com/watch?v=7CAzJjYYtlE&ab_channel=UKDATASERVICE,Get data,Downloading UKDS data,How to download data from InFuse,,InFuse,,
Census boundary data,Video,Adding real world GIS and census data to agent-based modelling for social scientists,https://www.youtube.com/watch?v=7CAzJjYYtlE&ab_channel=UKDATASERVICE,Get data,Downloading UKDS data,Where to find census data,,,,
Census boundary data,Video,Adding real world GIS and census data to agent-based modelling for social scientists,https://www.youtube.com/watch?v=7CAzJjYYtlE&ab_channel=UKDATASERVICE,Explore data,"Understand ways in which different types of census data can be used together	",,,NetLogo,,
Census boundary data,Video,Adding real world GIS and census data to agent-based modelling for social scientists,https://www.youtube.com/watch?v=7CAzJjYYtlE&ab_channel=UKDATASERVICE,Manage data,"Good practice guidance on opening, manipulating and saving data",,,,,
Census boundary data,Video,Adding real world GIS and census data to agent-based modelling for social scientists,https://www.youtube.com/watch?v=7CAzJjYYtlE&ab_channel=UKDATASERVICE,Explore data,Visualisations,How to present and report maps,,NetLogo,,
Census boundary data,Video,Adding real world GIS and census data to agent-based modelling for social scientists,https://www.youtube.com/watch?v=7CAzJjYYtlE&ab_channel=UKDATASERVICE,Explore data,Visualisations,How to create visualisations of census data,,NetLogo,,
Census boundary data,PDF,Mapping 2011 Census Microdata using R ,https://ukdataservice.ac.uk/app/uploads/mapping-2011-census-microdata-using-r.pdf,Tools software and coding skills,Introduction to software tools and their key features,Understand how to use R to map data,Introduction to software tools and their key features,R,,
Census boundary data,PDF,Mapping 2011 Census Microdata using R ,https://ukdataservice.ac.uk/app/uploads/mapping-2011-census-microdata-using-r.pdf,Tools software and coding skills,Introduction to software tools and their key features,Understand how to read in boundary data,,R,,
Census boundary data,PDF,Mapping 2011 Census Microdata using R ,https://ukdataservice.ac.uk/app/uploads/mapping-2011-census-microdata-using-r.pdf,Prepare data,Manipulate data for analysis,Derive new variables,,R,,
Census boundary data,PDF,Mapping 2011 Census Microdata using R ,https://ukdataservice.ac.uk/app/uploads/mapping-2011-census-microdata-using-r.pdf,Prepare data,Manipulate data for analysis,Group data using dplyr,,R,,
Census boundary data,PDF,Mapping 2011 Census Microdata using R ,https://ukdataservice.ac.uk/app/uploads/mapping-2011-census-microdata-using-r.pdf,Tools software and coding skills,Introduction to software tools and their key features,How to use the dplyr package,,R,,
Census boundary data,PDF,Mapping 2011 Census Microdata using R ,https://ukdataservice.ac.uk/app/uploads/mapping-2011-census-microdata-using-r.pdf,Tools software and coding skills,Introduction to software tools and their key features,How to use the tmap package,,R,,
Census boundary data,PDF,Using open UK Data Service Census Support datasets in open source GIS software,https://dam.ukdataservice.ac.uk/media/604780/opengis270417.pdf,Get data,Downloading UKDS data,How to download data from InFuse,,InFuse,,
Census boundary data,PDF,Using open UK Data Service Census Support datasets in open source GIS software,https://dam.ukdataservice.ac.uk/media/604780/opengis270417.pdf,Get data,Downloading UKDS data,Where to find census data,,,,
Census boundary data,PDF,Using open UK Data Service Census Support datasets in open source GIS software,https://dam.ukdataservice.ac.uk/media/604780/opengis270417.pdf,Tools software and coding skills,Introduction to software tools and their key features,Understand how to use GIS software,,ARCGIS,,
Census boundary data,PDF,Using open UK Data Service Census Support datasets in open source GIS software,https://dam.ukdataservice.ac.uk/media/604780/opengis270417.pdf,Tools software and coding skills,Introduction to software tools and their key features,Understand how to use GIS software,,QGIS,,
Census boundary data,PDF,Using open UK Data Service Census Support datasets in open source GIS software,https://dam.ukdataservice.ac.uk/media/604780/opengis270417.pdf,Explore data,Visualisations,How to present and report maps,,QGIS,,
Census boundary data,PDF,Using open UK Data Service Census Support datasets in open source GIS software,https://dam.ukdataservice.ac.uk/media/604780/opengis270417.pdf,Explore data,Visualisations,How to create visualisations of census data,,QGIS,,
Census boundary data,PDF,Creating maps and other geographical visualizations from census data,https://dam.ukdataservice.ac.uk/media/211682/3_visualizing_census_data.pdf,Explore data,Understand different types of maps,Choropleth map,,,,
Census boundary data,PDF,Creating maps and other geographical visualizations from census data,https://dam.ukdataservice.ac.uk/media/211682/3_visualizing_census_data.pdf,Explore data,Understand different types of maps,Cartogram,,,,
Census boundary data,PDF,Creating maps and other geographical visualizations from census data,https://dam.ukdataservice.ac.uk/media/211682/3_visualizing_census_data.pdf,Tools software and coding skills,Introduction to software tools and their key features,Understand how to use Thematic Mapper,,Thematic Mapper,,
Census boundary data,PDF,Creating maps and other geographical visualizations from census data,https://dam.ukdataservice.ac.uk/media/211682/3_visualizing_census_data.pdf,Tools software and coding skills,Introduction to software tools and their key features,Understand how to use Cartogrammar,,Cartogrammar,,
Census boundary data,PDF,Mapping Scottish census data,https://dam.ukdataservice.ac.uk/media/604484/cronepractical.pdf,Tools software and coding skills,Introduction to software tools and their key features,Understand how to use indiemapper,,indiemapper,,The link in this pdf leads to donalds trumps website???
Census boundary data,No resource,,,Understand data structure,Different boundary file types,When to use different file types,,,,
Census boundary data,No resource,,,Understand data structure,Different boundary file types,Access requirements,,,,
Census boundary data,No resource,,,Tools software and coding skills,How to choose the right tool,,,,,
Census boundary data,No resource,,,Prepare data,How to link small area statistical data to boundaries,,,,,
Census boundary data,No resource,,,Prepare data,Missing data,How to deal with it,,,,
Census boundary data,No resource,,,Underlying concepts,Scales and keys,,,,,
Census boundary data,No resource,,,Underlying concepts,Visualisations,Appropriate use of colour,,,,
Census boundary data,No resource,,,Underlying concepts,Awareness of the UK Administrative and statistical geographies,,,,,
Census boundary data,No resource,,,Prepare data,How to deal with changing boundaries over time,,,,,
Census boundary data,No resource,,,Prepare data,How to link different geographies in different datasets,,,,,
Census boundary data,No resource,,,Underlying concepts,Understand why and when to use boundary data,,,,,
Census flow data,PDF,Mapping census data in QGIS ,https://ukdataservice.ac.uk//app/uploads/mappingcensusqgis.pdf,Tools software and coding skills,Introduction to software tools and their key features,Understand how to use GIS software,,ARCGIS,,
Census flow data,PDF,Mapping census data in QGIS ,https://ukdataservice.ac.uk//app/uploads/mappingcensusqgis.pdf,Tools software and coding skills,Introduction to software tools and their key features,Understand how to use GIS software,,QGIS,,
Census flow data,PDF,Mapping census data in QGIS ,https://ukdataservice.ac.uk//app/uploads/mappingcensusqgis.pdf,Get data,Downloading UKDS data,How to download data from InFuse,,InFuse,,
Census flow data,PDF,Mapping census data in QGIS ,https://ukdataservice.ac.uk//app/uploads/mappingcensusqgis.pdf,Prepare data,Understand how to clean data,Ensure data can be read into software,,,,
Census flow data,PDF,Mapping census data in QGIS ,https://ukdataservice.ac.uk//app/uploads/mappingcensusqgis.pdf,Explore data,Visualisations,How to create visualisations of census data,,QGIS,,
Census flow data,PDF,Mapping census data in QGIS ,https://ukdataservice.ac.uk//app/uploads/mappingcensusqgis.pdf,Explore data,Visualisations,How to present and report maps,,QGIS,,
Census flow data,Video,Geographical Data Visualisation of UK Census Data ,https://www.youtube.com/watch?v=gwK5dbe0xvo&ab_channel=UKDATASERVICE,Tools software and coding skills,Introduction to software tools and their key features,Understand how to use GIS software,,ARCGIS,,
Census flow data,Video,Geographical Data Visualisation of UK Census Data ,https://www.youtube.com/watch?v=gwK5dbe0xvo&ab_channel=UKDATASERVICE,Tools software and coding skills,Introduction to software tools and their key features,Understand how to use GIS software,,QGIS,,
Census flow data,Video,Geographical Data Visualisation of UK Census Data ,https://www.youtube.com/watch?v=gwK5dbe0xvo&ab_channel=UKDATASERVICE,Explore data,Visualisations,How to present and report maps,,QGIS,,
Census flow data,Video,Geographical Data Visualisation of UK Census Data ,https://www.youtube.com/watch?v=gwK5dbe0xvo&ab_channel=UKDATASERVICE,Explore data,Visualisations,How to present and report flow data,,,,
Census flow data,Video,Geographical Data Visualisation of UK Census Data ,https://www.youtube.com/watch?v=gwK5dbe0xvo&ab_channel=UKDATASERVICE,Share findings,Communicate findings,Visual presentation skills,,,,
Census flow data,Video,Geographical Data Visualisation of UK Census Data ,https://www.youtube.com/watch?v=gwK5dbe0xvo&ab_channel=UKDATASERVICE,Explore data, Understand key features of flow data,Structure of the flow data files,Structure of the flow data files ,,,
Census flow data,Video,Accessing and analysing census flow data ,https://www.youtube.com/watch?v=HVwJTVhgOaM&ab_channel=UKDATASERVICE,Explore data,Awareness of the different types of census data,Flow data,,,,
Census flow data,Video,Accessing and analysing census flow data ,https://www.youtube.com/watch?v=HVwJTVhgOaM&ab_channel=UKDATASERVICE,Explore data,Awareness of the different types of flow data,Migration,,,,
Census flow data,Video,Accessing and analysing census flow data ,https://www.youtube.com/watch?v=HVwJTVhgOaM&ab_channel=UKDATASERVICE,Explore data,Awareness of the different types of flow data,Commuting,,,,
Census flow data,Video,Accessing and analysing census flow data ,https://www.youtube.com/watch?v=HVwJTVhgOaM&ab_channel=UKDATASERVICE,Explore data,Awareness of the different types of flow data,Second residence,,,,
Census flow data,Video,Accessing and analysing census flow data ,https://www.youtube.com/watch?v=HVwJTVhgOaM&ab_channel=UKDATASERVICE,Explore data,Understand key features of flow data,Different geography levels,,,,
Census flow data,Video,Accessing and analysing census flow data ,https://www.youtube.com/watch?v=HVwJTVhgOaM&ab_channel=UKDATASERVICE,Explore data,Understand key features of flow data,Structure of the flow data files,,,,
Census flow data,Video,Accessing and analysing census flow data ,https://www.youtube.com/watch?v=HVwJTVhgOaM&ab_channel=UKDATASERVICE,Understand data structure,Understand different flow file types,When to use different file types,,,,
Census flow data,Video,Accessing and analysing census flow data ,https://www.youtube.com/watch?v=HVwJTVhgOaM&ab_channel=UKDATASERVICE,Understand data structure,Understand different flow file types,Access requirements,,,,
Census flow data,Video,Accessing and analysing census flow data ,https://www.youtube.com/watch?v=HVwJTVhgOaM&ab_channel=UKDATASERVICE,Tools software and coding skills,Introduction to software tools and their key features,How to use WICID interactive map,,WICID,,
Census flow data,Video,Accessing and analysing census flow data ,https://www.youtube.com/watch?v=HVwJTVhgOaM&ab_channel=UKDATASERVICE,Get data,Downloading UKDS data,How to download data from WICID,,WICID,,
Census flow data,Video,2011 Census Flow Data ,https://www.youtube.com/watch?v=y3fJJxyWZbY&ab_channel=UKDATASERVICE,Explore data,Awareness of the different types of flow data,Migration,,,,
Census flow data,Video,2011 Census Flow Data ,https://www.youtube.com/watch?v=y3fJJxyWZbY&ab_channel=UKDATASERVICE,Explore data,Awareness of the different types of flow data,Commuting,,,,
Census flow data,Video,2011 Census Flow Data ,https://www.youtube.com/watch?v=y3fJJxyWZbY&ab_channel=UKDATASERVICE,Explore data,Awareness of the different types of flow data,Second residence,,,,
Census flow data,Video,2011 Census Flow Data ,https://www.youtube.com/watch?v=y3fJJxyWZbY&ab_channel=UKDATASERVICE,Tools software and coding skills,Introduction to software tools and their key features,How to use WICID interactive map,,WICID,,
Census flow data,Video,2011 Census Flow Data ,https://www.youtube.com/watch?v=y3fJJxyWZbY&ab_channel=UKDATASERVICE,Get data,Downloading UKDS data,How to download data from WICID,,WICID,,
Census flow data,Video,2012 Census Flow Data ,https://www.youtube.com/watch?v=y3fJJxyWZbY&ab_channel=UKDATASERVICE,Explore data,Understand key features of flow data,Structure of the flow data files,,,,
Census flow data,Video,2013 Census Flow Data ,https://www.youtube.com/watch?v=y3fJJxyWZbY&ab_channel=UKDATASERVICE,Understand data structure,Understand different flow file types,Access requirements,,,,
Census flow data,Video,2014 Census Flow Data ,https://www.youtube.com/watch?v=y3fJJxyWZbY&ab_channel=UKDATASERVICE,Explore data,Understand key features of flow data,Different geography levels,,,,
Census flow data,PDF,Census Interaction Data and Access Arrangements,https://dam.ukdataservice.ac.uk/media/455268/dukewilliamsstillwell.pdf,Explore data,Awareness of the different types of flow data,Migration,,,,
Census flow data,PDF,Census Interaction Data and Access Arrangements,https://dam.ukdataservice.ac.uk/media/455268/dukewilliamsstillwell.pdf,Explore data,Awareness of the different types of flow data,Commuting,,,,
Census flow data,PDF,Census Interaction Data and Access Arrangements,https://dam.ukdataservice.ac.uk/media/455268/dukewilliamsstillwell.pdf,Explore data,Awareness of the different types of flow data,Second residence,,,,
Census flow data,PDF,Census Interaction Data and Access Arrangements,https://dam.ukdataservice.ac.uk/media/455268/dukewilliamsstillwell.pdf,Explore data,Visualisations,How to present and report flow data,,WICID,,
Census flow data,PDF,Census Interaction Data and Access Arrangements,https://dam.ukdataservice.ac.uk/media/455268/dukewilliamsstillwell.pdf,Explore data,Visualisations,How to present and report flow data,,DataShine,,
Census flow data,PDF,Census Interaction Data and Access Arrangements,https://dam.ukdataservice.ac.uk/media/455268/dukewilliamsstillwell.pdf,Tools software and coding skills,Introduction to software tools and their key features,How to use WICID interactive map,,,,
Census flow data,PDF,Census Interaction Data and Access Arrangements,https://dam.ukdataservice.ac.uk/media/455268/dukewilliamsstillwell.pdf,Get data,Downloading UKDS data,How to download data from WICID,,,,
Census flow data,PDF,Census Interaction Data and Access Arrangements,https://dam.ukdataservice.ac.uk/media/455268/dukewilliamsstillwell.pdf,Explore data,Understand key features of flow data,Structure of the flow data files,,,,
Census flow data,PDF,Census Interaction Data and Access Arrangements,https://dam.ukdataservice.ac.uk/media/455268/dukewilliamsstillwell.pdf,Understand data structure,Understand different flow file types,When to use different file types,,,,
Census flow data,No resource,,,Tools software and coding skills,Reproducibility,,,,,
Census flow data,No resource,,,Prepare data,Missing data,How to deal with it,,,,
Census flow data,No resource,,,Share findings,Cite data and software,How to cite flow data,,,,
Census aggregate,Video,Evidence and impact using census data ,https://www.youtube.com/watch?v=PzplpvdzLws&ab_channel=UKDATASERVICE,Plan research,Understand potential uses of census data,,,,,
Census aggregate,Video,Accessing and analysing census aggregate data ,https://www.youtube.com/watch?v=7fXGutQ9v2I&ab_channel=UKDATASERVICE,Get data,Awareness of future census data and when it’ll become available ,,,,,
Census aggregate,Video,Accessing and analysing census aggregate data ,https://www.youtube.com/watch?v=7fXGutQ9v2I&ab_channel=UKDATASERVICE,Get data,Downloading UKDS data,How to download data from InFuse,,InFuse,,
Census aggregate,Video,Accessing and analysing census aggregate data ,https://www.youtube.com/watch?v=7fXGutQ9v2I&ab_channel=UKDATASERVICE,Get data,Downloading UKDS data,How to download data from Casweb,,Casweb,,
Census aggregate,Video,Accessing and analysing census aggregate data ,https://www.youtube.com/watch?v=7fXGutQ9v2I&ab_channel=UKDATASERVICE,Get data,How to find and download census aggregate data,How to download data from DKAN,,DKAN,,
Census aggregate,Video,Accessing and analysing census aggregate data ,https://www.youtube.com/watch?v=7fXGutQ9v2I&ab_channel=UKDATASERVICE,Get data,Downloading UKDS data,Where to find census data,,InFuse,,
Census aggregate,Video,Accessing and analysing census aggregate data ,https://www.youtube.com/watch?v=7fXGutQ9v2I&ab_channel=UKDATASERVICE,Get data,Downloading UKDS data,Where to find census data,,Casweb,,
Census aggregate,Video,Accessing and analysing census aggregate data ,https://www.youtube.com/watch?v=7fXGutQ9v2I&ab_channel=UKDATASERVICE,Get data,Downloading UKDS data,Where to find census data,,DKAN,,
Census aggregate,Video,Accessing and analysing census aggregate data ,https://www.youtube.com/watch?v=7fXGutQ9v2I&ab_channel=UKDATASERVICE,Explore data,Understand key features of aggregate data,Structure of the aggregate data files,,,,
Census aggregate,Video,Accessing and analysing census aggregate data ,https://www.youtube.com/watch?v=7fXGutQ9v2I&ab_channel=UKDATASERVICE,Explore data,Understand key features of census data,Basics,,,,
Census aggregate,PDF,Census aggregate data workbook part 1  ,https://dam.ukdataservice.ac.uk/media/413307/censusworkbook1.pdf,Get data,Downloading UKDS data,How to download data from InFuse,,InFuse,,
Census aggregate,PDF,Census aggregate data workbook part 1  ,https://dam.ukdataservice.ac.uk/media/413307/censusworkbook1.pdf,Get data,Downloading UKDS data,How to download data from Casweb,,Casweb,,
Census aggregate,PDF,Census aggregate data workbook part 1  ,https://dam.ukdataservice.ac.uk/media/413307/censusworkbook1.pdf,Get data,How to find and download census aggregate data,,,,,
Census aggregate,PDF,Accessing UK census aggregate data using InFuse,https://dam.ukdataservice.ac.uk/media/455489/wiseman.pdf,Get data,Downloading UKDS data,How to download data from InFuse,,InFuse,Edit needed,
Census aggregate,PDF,Accessing UK census aggregate data using InFuse,https://dam.ukdataservice.ac.uk/media/455489/wiseman.pdf,Underlying concepts,Awareness of the UK Administrative and statistical geographies ,,`,,Edit needed,
Census aggregate,PDF,2011 Census Update Webinar Using InFuse to access aggregate data,https://dam.ukdataservice.ac.uk/media/359163/using_infuse250613.pdf,Get data,Downloading UKDS data,How to download data from InFuse,,InFuse,Edit needed,
Census aggregate,PDF,2011 Census aggregate data ,https://dam.ukdataservice.ac.uk/media/455359/census-agg-27jan2015.pdf,Get data,Downloading UKDS data,How to download data from InFuse,,InFuse,,
Census aggregate,No resource,,,Understand data structure,Understand different aggregate file types,When to use different file types,,,,
Census aggregate,No resource,,,Understand data structure,Understand different aggregate file types,Access requirements,,,,
Census aggregate,No resource,,,Understand data structure,Understand different aggregate file types,Geographies available in each file,,,,
Census aggregate,No resource,,,Understand data structure,Understand different aggregate file types,Understand the limitations that prevent access to specific tables,,,,
RDM,Website,Types of data access,https://ukdataservice.ac.uk/help/access-policy/types-of-data-access/,Get data,Understand UKDS access conditions ,Types of data access,,,,
RDM,Website,Types of data access,https://ukdataservice.ac.uk/help/access-policy/types-of-data-access/,Get data,Understand UKDS access conditions ,Disclosure risk,,,,
RDM,Website,Safeguarded acesss,https://ukdataservice.ac.uk/find-data/access-conditions/safeguarded-access/,Get data,Understand UKDS access conditions ,Safeguarded data,,,,
RDM,Website,Security,https://ukdataservice.ac.uk/learning-hub/research-data-management/store-your-data/security/,Manage data,Store data safely,Physical data security,,,,
RDM,Website,Security,https://ukdataservice.ac.uk/learning-hub/research-data-management/store-your-data/security/,Manage data,Store data safely,Network security,,,,
RDM,Website,Security,https://ukdataservice.ac.uk/learning-hub/research-data-management/store-your-data/security/,Manage data,Store data safely,Computer system security,,,Complete,
RDM,Website,Security,https://ukdataservice.ac.uk/learning-hub/research-data-management/store-your-data/security/,Manage data,Store data safely,Cloud-based storage,,,,
RDM,Website,Store your data,https://ukdataservice.ac.uk/learning-hub/research-data-management/#store-your-data,Manage data,Store data safely,Introduction to how to store data,,,,
RDM,Website,Backup,https://ukdataservice.ac.uk/learning-hub/research-data-management/store-your-data/backup/,Manage data,Store data safely,How to backup data,,,,
RDM,Website,Checksums,https://ukdataservice.ac.uk/learning-hub/research-data-management/store-your-data/checksums/,Manage data,Store data safely,How to use checksums,,MD5summer,,
RDM,Website,Disposal,https://ukdataservice.ac.uk/learning-hub/research-data-management/store-your-data/disposal/,Manage data,Store data safely,How to safely erase data,,,,
RDM,Website,Encryption,https://ukdataservice.ac.uk/learning-hub/research-data-management/store-your-data/encryption/,Manage data,Store data safely,How to safely encrypt files,,BitLocker,,
RDM,Website,Encryption,https://ukdataservice.ac.uk/learning-hub/research-data-management/store-your-data/encryption/,Manage data,Store data safely,How to safely encrypt files,,VeraCrypt,,
RDM,Website,Storage,https://ukdataservice.ac.uk/learning-hub/research-data-management/store-your-data/storage/,Manage data,Store data safely,Introduction to how to store data,,,,
RDM,Website,Data Protection,https://ukdataservice.ac.uk/learning-hub/research-data-management/#store-your-data,Manage data,Understand data protection,Introduction to data protection measures,,,,
RDM,Website,Access control,https://ukdataservice.ac.uk/learning-hub/research-data-management/data-protection/access-control/,Manage data,Understand data protection,How UKDS access measures safeguard confidential data ,,,,
RDM,Website,Access control,https://ukdataservice.ac.uk/learning-hub/research-data-management/data-protection/access-control/,Manage data,Understand data protection,How to implement access measures for your data,,,,
RDM,Website,Data protection legislation,https://ukdataservice.ac.uk/learning-hub/research-data-management/data-protection/data-protection-legislation/,Manage data,Introduction to data protection legislation , ,,,,
RDM,Website,Commercial data contracts,https://ukdataservice.ac.uk/learning-hub/research-data-management/data-protection/data-protection-legislation/commercial-data-contracts/,Manage data,Introduction to data protection legislation ,Commercial data contracts,,,,
RDM,Website,Digital Economy Act,https://ukdataservice.ac.uk/learning-hub/research-data-management/data-protection/data-protection-legislation/digital-economy-act/,Manage data,Introduction to data protection legislation ,Digital Economy Act,,,,
RDM,Website,Environmental Information Regulations,https://ukdataservice.ac.uk/learning-hub/research-data-management/data-protection/data-protection-legislation/environmental-information-regulations/,Manage data,Introduction to data protection legislation ,Environmental Information Regulations,,,,
RDM,Website,Freedom of Information Act,https://ukdataservice.ac.uk/learning-hub/research-data-management/data-protection/data-protection-legislation/freedom-of-information-act/,Manage data,Introduction to data protection legislation ,Freedom of Information Act,,,,
RDM,Website,Human Rights Act,https://ukdataservice.ac.uk/learning-hub/research-data-management/data-protection/data-protection-legislation/human-rights-act/,Manage data,Introduction to data protection legislation ,Human Rights Act,,,,
RDM,Website,Statistics and Registrations Services Act,https://ukdataservice.ac.uk/learning-hub/research-data-management/data-protection/data-protection-legislation/statistics-and-registration-services-act/,Manage data,Introduction to data protection legislation ,Statistics and Registrations Services Act,,,,
RDM,Website,The Data Protection Act and GDPR,https://ukdataservice.ac.uk/learning-hub/research-data-management/data-protection/data-protection-legislation/data-protection-act-and-gdpr/,Manage data,Introduction to data protection legislation ,The Data Protection Act and GDPR,,,,
RDM,Website,Disclosure assessment,https://ukdataservice.ac.uk/learning-hub/research-data-management/data-protection/disclosure-assessment/,Manage data,Disclosure control,How to assess disclosure risk,,,,
RDM,Website,Further resources on legal issues,https://ukdataservice.ac.uk/learning-hub/research-data-management/data-protection/further-resources-on-legal-issues/,Manage data,Disclosure control,How to assess disclosure risk,,,,
RDM,Website,Further resources on legal issues,https://ukdataservice.ac.uk/learning-hub/research-data-management/data-protection/further-resources-on-legal-issues/,Manage data,Introduction to data protection legislation ,The Data Protection Act and GDPR,,,,
RDM,Website,Anonymisation,https://ukdataservice.ac.uk/learning-hub/research-data-management/#store-your-data,Manage data,Anonymisation theory and practice,Introduction to anonymisation,,,,
RDM,Website,Anonymising qualitative data,https://ukdataservice.ac.uk/learning-hub/research-data-management/anonymisation/anonymising-quantitative-data/,Manage data,Anonymisation theory and practice,How to anonymise qualitative data ,,,,
RDM,Website,Anonymising quantitative data,https://ukdataservice.ac.uk/learning-hub/research-data-management/anonymisation/anonymising-qualitative-data/,Manage data,Anonymisation theory and practice,How to anonymise quantitative data,,,,
RDM,Website,Anonymisation step-by-step,https://ukdataservice.ac.uk/learning-hub/research-data-management/anonymisation/anonymisation-step-by-step/,Manage data,Anonymisation theory and practice,How to anonymise a date file ,,,,
RDM,Website,Ethical issues,https://ukdataservice.ac.uk/learning-hub/research-data-management/#data-protection,Manage data,Introduction to data ethics,,,,,
RDM,Website,Ethical obligations,https://ukdataservice.ac.uk/learning-hub/research-data-management/ethical-issues/ethical-obligations/,Manage data,Introduction to data ethics,Understand the ethical obligations of research,,,,
RDM,Website,Consent for data sharing,https://ukdataservice.ac.uk/learning-hub/research-data-management/ethical-issues/consent-for-data-sharing/,Manage data,Introduction to data ethics,How to gain informed consent,,,,
RDM,Website,Documenting consent,https://ukdataservice.ac.uk/learning-hub/research-data-management/ethical-issues/consent-for-data-sharing/documenting-consent/,Manage data,Introduction to data ethics,How to document consent ,,,,
RDM,Website,How to seek consent,https://ukdataservice.ac.uk/learning-hub/research-data-management/ethical-issues/consent-for-data-sharing/how-to-seek-consent/,Manage data,Introduction to data ethics,How to seek consent ,,,,
RDM,Website,Research without consent,https://ukdataservice.ac.uk/learning-hub/research-data-management/ethical-issues/consent-for-data-sharing/research-without-consent/,Manage data,Introduction to data ethics,Understand when to seek consent,,,,
RDM,Website,When to seek consent,https://ukdataservice.ac.uk/learning-hub/research-data-management/ethical-issues/consent-for-data-sharing/,Manage data,Introduction to data ethics,Understand when to seek consent,,,,
RDM,Website,Withdrawing consent,https://ukdataservice.ac.uk/learning-hub/research-data-management/ethical-issues/consent-for-data-sharing/,Manage data,Introduction to data ethics,How to manage participant withdrawal of consent,,,,
RDM,Website,Rights in data,https://ukdataservice.ac.uk/learning-hub/research-data-management/#data-protection,Manage data,Introduction to data rights,,,,,
RDM,Website,Sharing,https://ukdataservice.ac.uk/learning-hub/research-data-management/#data-protection,Manage data,Introduction to data rights,Copyright for data sharing and fair dealing,,,,
RDM,Website,Copyright,https://ukdataservice.ac.uk/learning-hub/research-data-management/rights-in-data/copyright/,Manage data,Introduction to data rights,Copyright for data sharing and fair dealing,,,,
RDM,Website,Other rights,https://ukdataservice.ac.uk/learning-hub/research-data-management/rights-in-data/other-rights/,Manage data,Introduction to data rights,Other important rights to be aware of,,,,
RDM,Website,Resources,https://ukdataservice.ac.uk/learning-hub/research-data-management/rights-in-data/resources/,Manage data,Introduction to data rights,Data rights resources,,,,
RDM,Website,Scenarios,https://ukdataservice.ac.uk/learning-hub/research-data-management/rights-in-data/scenarios/,Manage data,Introduction to data rights,Copyright for data sharing and fair dealing,,,,
RDM,Website,Format your data,https://ukdataservice.ac.uk/learning-hub/research-data-management/#data-protection,Manage data,Create well organised data,,,,,
RDM,Website,Versioning,https://ukdataservice.ac.uk/learning-hub/research-data-management/format-your-data/versioning/,Manage data,Create well organised data,Understand version control,,Subversion,,
RDM,Website,Digitisation,https://ukdataservice.ac.uk/learning-hub/research-data-management/format-your-data/digitisation/,Manage data,Create well organised data,How to convert research data into digital format,,,,
RDM,Website,File formats,https://ukdataservice.ac.uk/learning-hub/research-data-management/format-your-data/file-formats/,Manage data,Create well organised data,How to choose the right file format,,,,
RDM,Website,Organising,https://ukdataservice.ac.uk/learning-hub/research-data-management/format-your-data/organising/,Manage data,Create well organised data,How to organise your files and folders,,,,
RDM,Website,Quality,https://ukdataservice.ac.uk/learning-hub/research-data-management/format-your-data/quality/,Manage data,Create well organised data,Understand quality control measures,,,,
RDM,Website,Transcription,https://ukdataservice.ac.uk/learning-hub/research-data-management/format-your-data/transcription/,Manage data,Create well organised data,How to achieve high quality data transcriptions,,,,
RDM,Website,Recommended formats,https://ukdataservice.ac.uk/learning-hub/research-data-management/format-your-data/recommended-formats/,Manage data,Create well organised data,How to choose the right file format,,,Edit needed,
RDM,Video,Research Data Lifecycle,https://www.youtube.com/watch?v=-wjFMMQD3UA&t=29s,Plan research,Introduction to the research process,Understand the key steps in the research process,,,,
RDM,Website,DMP Checklist,https://ukdataservice.ac.uk/learning-hub/research-data-management/plan-to-share/checklist/,Plan research,Introduction to the research process,How to write a Data Management Plan,,,Edit needed ,
RDM,Website,Document your data,https://ukdataservice.ac.uk/learning-hub/research-data-management/,Plan research,Create good quality data documentation,Ensure data is reusable,,,,
RDM,Website,Data Level,https://ukdataservice.ac.uk/learning-hub/research-data-management/document-your-data/data-level/,Prepare data,Create good quality data documentation,Qualitative data,,,,
RDM,Website,Data Level,https://ukdataservice.ac.uk/learning-hub/research-data-management/document-your-data/data-level/,Prepare data,Create good quality data documentation,Quantitative data ,,,,
RDM,Website,Data Level,https://ukdataservice.ac.uk/learning-hub/research-data-management/document-your-data/data-level/,Prepare data,Create good quality data documentation,Secondary sources,,,,
RDM,Website,Documentation resources,https://ukdataservice.ac.uk/learning-hub/research-data-management/document-your-data/documentation-resources/,Prepare data,Create good quality data documentation,DDI resources ,,DDI Alliance Tools,,
RDM,Website,Documentation resources,https://ukdataservice.ac.uk/learning-hub/research-data-management/document-your-data/documentation-resources/,Prepare data,Create good quality data documentation,DDI resources ,,DeXtris,,
RDM,Website,Documentation resources,https://ukdataservice.ac.uk/learning-hub/research-data-management/document-your-data/documentation-resources/,Prepare data,Create good quality data documentation,DDI resources ,,DDI Metadata Editor,,
RDM,Website,Metadata,https://ukdataservice.ac.uk/learning-hub/research-data-management/document-your-data/metadata/,Prepare data,Create good quality data documentation,Introduction to DDI,,,,
RDM,Website,Metadata,https://ukdataservice.ac.uk/learning-hub/research-data-management/document-your-data/metadata/,Prepare data,Create good quality data documentation,Metadata,,,,
RDM,Website,Study-level documentation,https://ukdataservice.ac.uk/learning-hub/research-data-management/document-your-data/study-level-documentation/,Prepare data,Create good quality data documentation,Study-level documentation,,,,
RDM,Website,Sharing,https://ukdataservice.ac.uk/learning-hub/research-data-management/rights-in-data/sharing/,Share findings,Introduction to data rights,Copyright for data sharing and fair dealing,,,,
RDM,PDF,Publishing and citing research data,https://ukdataservice.ac.uk/app/uploads/publishingcitingdata.pdf,Share findings,Share data for re-use,Understand where you can share data,,,,
RDM,PDF,Publishing and citing research data,https://ukdataservice.ac.uk/app/uploads/publishingcitingdata.pdf,Share findings,Share data for re-use,How and why you should cite data,,,,
RDM,Website,How to share data,https://ukdataservice.ac.uk/learning-hub/research-data-management/plan-to-share/how-to-share-data/,Share findings,Share data for re-use,How to share data ,,,Complete,
RDM,Website,How to deposit data,https://ukdataservice.ac.uk/help/,Share findings,Share data for re-use,How to deposit data with the UKDS,,,Complete,
RDM,Website,Sharing syntax,https://ukdataservice.ac.uk/help/deposit-data/sharing-syntax/,Share findings,Share data for re-use,How to deposit syntax with the UKDS,,,Complete,
RDM,Website,Self-deposit data to ReShare,https://ukdataservice.ac.uk/help/deposit-data/self-deposit-data-to-reshare/,Share findings,Share data for re-use,How to deposit data with the UKDS,,,Complete,
RDM,Website,Prepare your data for deposit,https://ukdataservice.ac.uk/help/deposit-data/prepare-your-data-for-deposit/,Share findings,Share data for re-use,How to deposit data with the UKDS,,,Complete,
RDM,Website,FAQs on depositing data with the UK Data Service,https://ukdataservice.ac.uk/help/deposit-data/faqs-on-depositing-data-with-the-uk-data-service/,Share findings,Share data for re-use,How to deposit data with the UKDS,,,Complete,
RDM,Website,Deposit in the curated data repository,https://ukdataservice.ac.uk/help/deposit-data/deposit-in-the-curated-data-repository/,Share findings,Share data for re-use,How to deposit data with the UKDS,,,Complete,
Surveys,PDF,What is complex sample design?,https://ukdataservice.ac.uk/app/uploads/complexsampleguide_1_2.pdf,Explore data,Sampling,Types,,SPSS,,
Surveys,PDF,What is complex sample design?,https://ukdataservice.ac.uk/app/uploads/complexsampleguide_1_2.pdf,Explore data,Sampling,Types,,Stata,,
Surveys,PDF,What is complex sample design?,https://ukdataservice.ac.uk/app/uploads/complexsampleguide_1_2.pdf,Explore data,Sampling,Design,,SPSS,,
Surveys,PDF,What is complex sample design?,https://ukdataservice.ac.uk/app/uploads/complexsampleguide_1_2.pdf,Explore data,Sampling,Design,,Stata,,
Surveys,PDF,What is complex sample design?,https://ukdataservice.ac.uk/app/uploads/complexsampleguide_1_2.pdf,Explore data,Sampling,Theory,,SPSS,,
Surveys,PDF,What is complex sample design?,https://ukdataservice.ac.uk/app/uploads/complexsampleguide_1_2.pdf,Explore data,Sampling,Theory,,Stata,,
Surveys,DSM,Surveys ,,Explore data,Sampling,Bias,,SPSS,,
Surveys,DSM,Longitudinal Data ,,Explore data,Sampling,Unequal selection probability,Unequal selection probability,SPSS,,
Surveys,DSM,Longitudinal Data ,,Explore data,Sampling,Unit non-response,,SPSS,,
Surveys,DSM,Surveys ,,Explore data,Descriptive statistics,Crosstabs,,SPSS,Complete,Not mode or median. 
Surveys,DSM,Longitudinal Data ,,Explore data,Descriptive statistics,Crosstabs,,SPSS,Complete,
Surveys,DSM,Surveys ,,Explore data,Descriptive statistics,Frequencies,,SPSS,Complete,Not mode or median. 
Surveys,DSM,Longitudinal Data ,,Explore data,Descriptive statistics,Frequencies,,SPSS,Complete,
Surveys,DSM,Surveys ,,Explore data,Weighting,Types of weights,,SPSS,Complete,Not mode or median. 
Surveys,PDF,What is weighting?,https://ukdataservice.ac.uk//app/uploads/whatisweighting.pdf,Explore data,Weighting,Types of weights,,SPSS,,
Surveys,PDF,What is weighting?,https://ukdataservice.ac.uk//app/uploads/whatisweighting.pdf,Explore data,Weighting,Types of weights,,Stata,,
Surveys,PDF,What is weighting?,https://ukdataservice.ac.uk//app/uploads/whatisweighting.pdf,Explore data,Weighting,How to apply weights,,SPSS,,
Surveys,PDF,What is weighting?,https://ukdataservice.ac.uk//app/uploads/whatisweighting.pdf,Explore data,Weighting,How to apply weights,,Stata,,
Surveys,DSM,Surveys ,,Explore data,Weighting,How to apply weights,,SPSS,,
Surveys,No resource,,,Explore data,Proportions and rates to standardise results,,,,,
Surveys,DSM,Surveys ,,Explore data,Summary statistics,Mean,,SPSS,Complete,Not mode or median. 
Surveys,DSM,Surveys ,,Explore data,Summary statistics,Variance,,SPSS,,
Surveys,DSM,Longitudinal Data ,,Explore data,Summary statistics,Mean,,SPSS,Complete,
Surveys,DSM,Longitudinal Data ,,Explore data,Summary statistics,Mode,,SPSS,,
Surveys,DSM,Longitudinal Data ,,Explore data,Summary statistics,Median,,SPSS,,
Surveys,DSM,Longitudinal Data ,,Explore data,Summary statistics,Variance,,SPSS,,
Surveys,DSM,Longitudinal Data ,,Explore data,Survey weights,,,SPSS,Complete,
Surveys,PDF,What is complex sample design?,https://ukdataservice.ac.uk//app/uploads/complexsampleguide_1_2.pdf,Explore data,Weighting,,,SPSS,,
Surveys,PDF,What is complex sample design?,https://ukdataservice.ac.uk//app/uploads/complexsampleguide_1_2.pdf,Explore data,Weighting,,,Stata,,
Surveys,DSM,Surveys ,,Explore data,Visualisations,Bar charts,,SPSS,Complete,Not mode or median. 
Surveys,DSM,Surveys ,,Explore data,Visualisations,Histograms,Histograms,SPSS,Complete,Not mode or median. 
Surveys,DSM,Surveys ,,Explore data,Visualisations,Types of graphs,,SPSS,Complete,Not mode or median. 
Surveys,DSM,Surveys ,,Explore data,Visualisations,When to use different graphs,,SPSS,,
Surveys,Worksheet,Finding and using published tables and reports,https://ukdataservice.ac.uk//app/uploads/finding-published-tables-and-reports.pdf,Explore data,Visualisations,Line graphs,,Excel,Edit needed,
Surveys,DSM,Surveys ,,Explore data,Understand documentation,How to use it,,,,
Surveys,No resource,,,Explore data,Identifying good quality data,,,,,
Surveys,DSM,Surveys ,,Explore data,Filtering data,,Filtering data,SPSS,Complete,
Surveys,Website,Types of data access,https://ukdataservice.ac.uk/help/access-policy/types-of-data-access/,Get data,Downloading UKDS data,UKDS access conditions,,,,
Surveys,DSM,Surveys ,,Get data,Downloading UKDS data,How to find dataset,Downloading UKDS data,,Complete,
Surveys,PDF,Finding the right survey data for your project,https://ukdataservice.ac.uk//app/uploads/finding-the-right-survey-data.pdf,Get data,Downloading UKDS data,How to find dataset based on research question,How to find dataset based on research question,,Edit needed,
Surveys,No resource,,,Get data,Evaluating secondary data sources,Identifying trusted archives,,,,
Surveys,DSM,Longitudinal Data ,,Get data,Evaluating secondary data sources,Awareness of key archives,,,Complete,
Surveys,No resource,,,Manage data,Storing data securely,How to manage EUL data,,,,
Surveys,Worksheet,Examining fear of crime in SPSS,https://ukdataservice.ac.uk//app/uploads/data-analysis-workbook.pdf ,Multiple,TBC,,,SPSS,,
Surveys,No resource,,,Plan research,Choose primary or secondary data analysis,,,,,
Surveys,Worksheet,Thinking before doing,https://ukdataservice.ac.uk//app/uploads/thinking-before-starting.pdf ,Plan research,Define a research question,,,,,
Surveys,Website,Ethical Issues,https://ukdataservice.ac.uk/learning-hub/research-data-management/,Plan research,Ethics in research and why they matter,,,,,
Surveys,No resource,,,Plan research,Select a methodological approach ,,,,,
Surveys,Website,Survey data,https://ukdataservice.ac.uk/learning-hub/survey-data/,Plan research,Skills and tools,Choosing the right tools,,,,
Surveys,DSM,Surveys ,,Prepare data,Manipulate data for analysis,Recode variables,,SPSS,,
Surveys,No resource,,,Prepare data,Manipulate data for analysis,Derive new variables,,,,
Surveys,DSM,Longitudinal Data ,,Prepare data,Restructuring data,Wide and long formats,,SPSS,,
Surveys,DSM,Surveys ,,Prepare data,Missing data,How to identify it,,SPSS,,
Surveys,DSM,Surveys ,,Prepare data,Missing data,How to deal with it,,SPSS,Complete,
Surveys,DSM,Longitudinal Data ,,Prepare data,Linking data,Merging data,,SPSS,,
Surveys,DSM,Longitudinal Data ,,Prepare data,Linking data,Combining datasets,,SPSS,Complete,
Surveys,DSM,Longitudinal Data ,,Prepare data,Missing data,How to identify it,,SPSS,Complete,
Surveys,DSM,Longitudinal Data ,,Prepare data,Missing data,How to deal with it,,SPSS,Complete,
Surveys,PDF,What are hierarchical files?,https://ukdataservice.ac.uk//app/uploads/whatarehierarchicalfiles.pdf,Prepare data,Summary of multi-level data,Hierarchical data,,SPSS,Complete,
Surveys,PDF,Analysing change over time,https://ukdataservice.ac.uk//app/uploads/changeovertime.pdf,Prepare data,Summary of multi-level data ,Longitudinal data,,SPSS,Complete,
Surveys,PDF,Analysing change over time,https://ukdataservice.ac.uk//app/uploads/changeovertime.pdf,Prepare data,Summary of multi-level data,Repeated cross-sectional data,,,Complete,
Surveys,PDF,Small area estimation using key UK surveys,https://ukdataservice.ac.uk//app/uploads/smallareaestimation.pdf,Prepare data,Summary of spatial data,,,Stata,,
Surveys,Website,Why share research data?,https://ukdataservice.ac.uk/learning-hub/new-to-using-data/,Share findings,Benefits of sharing data,,,,,
Surveys,PDF,Communications Campaign Toolkit ,https://ukdataservice.ac.uk//app/uploads/citethedata_communications_campaign_toolkit.pdf,Share findings,Cite data and software,,,,,
Surveys,PDF,Publishing and citing research data,https://ukdataservice.ac.uk//app/uploads/publishingcitingdata.pdf,Share findings,Cite data and software,,,,,
Surveys,Video,Why cite data?,https://www.youtube.com/watch?v=cEGYw19FYn8&ab_channel=UKDATASERVICE,Share findings,Cite data and software,,,Stata,,
Surveys,Website,Spotlight on CiteTheData,https://blog.ukdataservice.ac.uk/spotlight-on-citethedata-make-the-data-count/ ,Share findings,Cite data and software,,,,,
Surveys,PDF,10 Top Tips for Citing Data,https://ukdataservice.ac.uk//app/uploads/toptentips.pdf,Share findings,Cite data and software,,,,,
Surveys,Website,Reasons to cite data correctly,https://ukdataservice.ac.uk/help/new-users/citethedata/,Share findings,Cite data and software,,,,,
Surveys,DSM,Longitudinal Data ,,Share findings,Interpreting results,,,,Complete,
Surveys,No resource,,,Share findings,Communicate findings                                                                                                                                ,Writing papers vs monographs,,,,
Surveys,No resource,,,Share findings,Communicate findings                                                                                                                                ,Academic writing,,,Complete,Just accessiblity
Surveys,No resource,,,Share findings,Communicate findings                                                                                                                                ,Oral presentation skills,,,,
Surveys,No resource,,,Share findings,Communicate findings                                                                                                                                ,Report writing,Interpreting results,,Complete,
Surveys,No resource,,,Share findings,Communicate findings                                                                                                                                ,Visual presentation skills,,,,
Surveys,No resource,,,Share findings,Communicate findings                                                                                                                                ,New media skills,,,,
Surveys,DSM,Surveys ,,Share findings,Communicate findings                                                                                                                                ,Presenting graphs and charts ,,,,
Surveys,No resource,,,Share findings,Share code,,,,,
Surveys,Website,Research data management,https://ukdataservice.ac.uk/learning-hub/research-data-management/,Share findings,Share data for re-use,Which data can be shared,,,,
Surveys,Website,Research data management,https://ukdataservice.ac.uk/learning-hub/research-data-management/,Share findings,Share data for re-use,Where can data be shared,,,,
Surveys,Website,Research data management,https://ukdataservice.ac.uk/learning-hub/research-data-management/,Share findings,Share data for re-use,How can data be shared,Presenting graphs and charts ,,Complete,
Surveys,Website,Research data management,https://ukdataservice.ac.uk/learning-hub/research-data-management/,Share findings,Share data for re-use,Licensing ,,,,
Surveys,Website,Research data management,https://ukdataservice.ac.uk/learning-hub/research-data-management/,Share findings,Share data for re-use,How to prepare data and documentation,,,,
Surveys,No resource,,,Statistical testing,Understand and interpret statistical tests,Chi-squared,,,,
Surveys,No resource,,,Statistical testing,Understand and interpret statistical tests,ANOVA,,,,
Surveys,No resource,,,Statistical testing,Understand and interpret statistical tests,Correlation,,,,
Surveys,No resource,,,Statistical testing,Understand and interpret statistical tests,T tests,,,,
Surveys,No resource,,,Statistical testing,Understand and interpret statistical tests,Non parametric tests,,,,
Surveys,No resource,,,Statistical testing,Understand and interpret statistical tests,Linear regression,,,,
Surveys,No resource,,,Statistical testing,Understand and interpret statistical tests,Logistic regression,,,,
Surveys,No resource,,,Statistical testing,Understand and interpret statistical tests,Other regression methods,,,,
Surveys,No resource,,,Statistical testing,Understand and interpret statistical tests,Data reduction techniques,,,,
Surveys,No resource,,,Tools software and coding skills,Choosing the right tool,,,,,
Surveys,Website,Survey data software and tools,https://ukdataservice.ac.uk/learning-hub/survey-data/,Tools software and coding skills,Use an online tool or statistics software to explore the data,,,Nesstar,,
Surveys,No resource,,,Tools software and coding skills,Reproducibility,Syntax for surveys,,,,
Surveys,No resource,,,Tools software and coding skills,Reproducibility,Importance of saving and documenting research,,,,
Surveys,PDF,Getting started with SPPS,https://ukdataservice.ac.uk//app/uploads/getting-started-with-spss.pdf,Tools software and coding skills,Introduction to software tools and their key features,,,SPSS,Edit needed,
Surveys,DSM,Surveys ,,Tools software and coding skills,Introduction to software tools and their key features,,,SPSS,Complete,
Surveys,Website,Survey data software and tools,https://ukdataservice.ac.uk/learning-hub/survey-data/,Tools software and coding skills,Introduction to software tools and their key features,,,Nesstar,,
Surveys,PDF,What is Stata?,https://ukdataservice.ac.uk//app/uploads/whatisstata.pdf,Tools software and coding skills,Introduction to software tools and their key features,,,Stata,,
Surveys,PDF,What is SPSS 20 for Windows?,https://ukdataservice.ac.uk//app/uploads/usingspssforwindows.pdf,Tools software and coding skills,Introduction to software tools and their key features,,,SPSS,,
Surveys,PDF,Using R to analyse key UK surveys,https://ukdataservice.ac.uk//app/uploads/usingr.pdf,Tools software and coding skills,Introduction to software tools and their key features,,,R,Edit needed,
Surveys,Website,Key software tools,https://ukdataservice.ac.uk/learning-hub/software-and-tools/,Tools software and coding skills,Introduction to software tools and their key features,,,Python,,
Surveys,Website,Key software tools,https://ukdataservice.ac.uk/learning-hub/software-and-tools/,Tools software and coding skills,Introduction to software tools and their key features,,,R,,
Surveys,Website,Key software tools,https://ukdataservice.ac.uk/learning-hub/software-and-tools/,Tools software and coding skills,Introduction to software tools and their key features,,,SPSS,,
Surveys,Website,Key software tools,https://ukdataservice.ac.uk/learning-hub/software-and-tools/,Tools software and coding skills,Introduction to software tools and their key features,,,Stata,,
Surveys,DSM,Surveys ,,Tools software and coding skills,Introduction to software tools and their key features ,Syntax for surveys,,SPSS,Complete,
Surveys,DSM,Longitudinal Data ,,Tools software and coding skills,Introduction to software tools and their key features ,,,SPSS,,
Surveys,DSM,Surveys ,,Underlying concepts,Confidence intervals and precision,,,,Complete,
Surveys,No resource,,,Underlying concepts,Correlation vs causation ,,,,,
Surveys,DSM,Surveys ,,Underlying concepts,Distributions,,Distributions,,Complete,
Surveys,No resource,,,Underlying concepts,Independence and association ,,,,,
Surveys,No resource,,,Underlying concepts,Statistical significance ,,,,,
Surveys,No resource,,,Underlying concepts,Theory formation,,,,,
Surveys,No resource,,,Underlying concepts,Hypothesis testing,,,,,
Surveys,DSM,Longitudinal Data ,,Understand data structure,Different types of questions in surveys,,Different types of questions in surveys,,Complete,
Surveys,DSM,Surveys ,,Understand data structure,Non-response,,Non-response,SPSS,,
Surveys,DSM,Surveys ,,Understand data structure,Survey data organisation,,,SPSS,,
Surveys,DSM,Longitudinal Data ,,Understand data structure,Survey data organisation,Key variables,,SPSS,Complete,
Surveys,DSM,Longitudinal Data ,,Understand data structure,Survey data organisation,ID variables individual and household,,SPSS,Complete,
Surveys,DSM,Surveys ,,Understand data structure,Variable types ,Categorical,,,,
Surveys,DSM,Surveys ,,Understand data structure,Variable types,Nominal ,,,,
Surveys,DSM,Surveys ,,Understand data structure,Variable types,Ordinal,,,,
Surveys,DSM,Surveys ,,Understand data structure,Variable types,Continuous,,,,
Surveys,DSM,Surveys ,,Understand data structure,Variable types,Scalar,,,,
Surveys,DSM,Longitudinal Data ,,Understand data structure,Variable types,Categorical,,,Complete,
Surveys,DSM,Longitudinal Data ,,Understand data structure,Variable types,Nominal ,,,,
Surveys,DSM,Longitudinal Data ,,Understand data structure,Variable types,Ordinal,,,,
Surveys,DSM,Longitudinal Data ,,Understand data structure,Variable types,Continuous,,,,
Surveys,DSM,Longitudinal Data ,,Understand data structure,Variable types,Scalar,,,,
Longitudinal data,DSM,Longitudinal data,,Underlying concepts,Understand key features of longitudinal data,Difference between longitudinal studies and cross-sectional studies,,,,
Longitudinal data,DSM,Longitudinal data,,Underlying concepts,Understand different types of longitudinal surveys,Cohort studies,,,,
Longitudinal data,DSM,Longitudinal data,,Underlying concepts,Understand different types of longitudinal surveys,Panel studies,,,,
Longitudinal data,DSM,Longitudinal data,,Underlying concepts,Understand different measurement terms,Sweeps,,,,
Longitudinal data,DSM,Longitudinal data,,Underlying concepts,Understand different measurement terms,Waves,,,Complete,
Longitudinal data,DSM,Longitudinal data,,Plan research,Awareness of key sources of longitudinal data,Archives,,,Complete,
Longitudinal data,DSM,Longitudinal data,,Plan research,Awareness of key sources of longitudinal data,Websites,,,,
Longitudinal data,DSM,Longitudinal data,,Plan research,Awareness of key sources of longitudinal data,UK and abroad,,,,
Longitudinal data,DSM,Longitudinal data,,Get data,Downloading UKDS data,How to find dataset ,,,,
Longitudinal data,Video,Finding and accessing data from the UK Data Service,https://www.youtube.com/watch?v=GwCJ_ZpnaJ8,Get data,Downloading UKDS data,How to find dataset ,,,,
Longitudinal data,DSM,Longitudinal data,,Get data,Downloading UKDS data,,,,,
Longitudinal data,DSM,Longitudinal data,,Explore data,Understand how to navigate survey documentation,Codebooks,,,,
Longitudinal data,DSM,Longitudinal data,,Explore data,Understand how to navigate survey documentation,User guide,,,,
Longitudinal data,DSM,Longitudinal data,,Explore data,Understand how to navigate survey documentation,Derived variables,,,,
Longitudinal data,DSM,Longitudinal data,,Underlying concepts,Weighting,Unequal selection probabilities,,,,
Longitudinal data,DSM,Longitudinal data,,Underlying concepts,Survey design,,,,,
Longitudinal data,DSM,Longitudinal data,,Explore data,Understand how to navigate survey documentation,Question routing,,,,
Longitudinal data,DSM,Longitudinal data,,Underlying concepts,Sampling,Unequal selection probabilities,,,,
Longitudinal data,DSM,Longitudinal data,,Underlying concepts,Understand the two types of non-response in surveys,Unit non-response,,,,
Longitudinal data,DSM,Longitudinal data,,Underlying concepts,Understand the two types of non-response in surveys,Item non-response,,,Complete,
Longitudinal data,DSM,Longitudinal data,,Underlying concepts,Weighting,How to choose the right weighting variable,,SPSS,Complete,
Longitudinal data,DSM,Longitudinal data,,Understand data structure,Understand how to identify individuals and households in the data,,,SPSS,Complete,
Longitudinal data,DSM,Longitudinal data,,Understand data structure,Survey data organisation,Rows and columns,,,,
Longitudinal data,DSM,Longitudinal data,,Understand data structure,Survey data organisation,Cases and variables,,,,
Longitudinal data,DSM,Longitudinal data,,Understand data structure,Survey data organisation,ID variables,,,,
Longitudinal data,DSM,Longitudinal data,,Understand data structure,Variable types ,Categorical,,,Complete,
Longitudinal data,DSM,Longitudinal data,,Understand data structure,Variable types ,Continuous,,,,
Longitudinal data,DSM,Longitudinal data,,Prepare data,Linking data,Merging files,,SPSS,,
Longitudinal data,DSM,Longitudinal data,,Prepare data,Missing data,How to handle item non-response,,SPSS,,
Longitudinal data,DSM,Longitudinal data,,Prepare data,Missing data,How to identify it,,SPSS,,
Longitudinal data,DSM,Longitudinal data,,Prepare data,Missing data,How to deal with it,,SPSS,,
Longitudinal data,DSM,Longitudinal data,,Prepare data,Restructuring data,Wide and long formats,,SPSS,Complete,
Longitudinal data,DSM,Longitudinal data,,Explore data,Summary statistics,Mean,,SPSS,,
Longitudinal data,DSM,Longitudinal data,,Explore data,How to generate descriptive statistics for different groups,,,SPSS,,
Longitudinal data,DSM,Longitudinal data,,Tools software and coding skills,Introduction to software tools and their key features,How to use the split file function to compare groups,,SPSS,,
Longitudinal data,DSM,Longitudinal data,,Explore data,Descriptive statistics,Frequencies,,,,
Longitudinal data,DSM,Longitudinal data,,Explore data,Descriptive statistics,Crosstabs,,,,
Longitudinal data,DSM,Longitudinal data,,Explore data,Proportions and rates to standardise results,,,,,
Longitudinal data,DSM,Longitudinal data,,Understand data structure,Categorical variables,Choice questions,,,,
Longitudinal data,DSM,Longitudinal data,,Understand data structure,Categorical variables,Multi-choice questions,,,,
Longitudinal data,DSM,Longitudinal data,,Explore data,Univariate and bivariate associations,,,,,
Longitudinal data,DSM,Longitudinal data,,Tools software and coding skills,Introduction to software tools and their key features,Explore survey data with SPSS,,SPSS,Complete,
Longitudinal data,Video,Geography and longitudinal data,https://www.youtube.com/watch?v=Nw_6QA_KfCs,Explore data,Understand how to use multi-level methods to analyse different types of data ,Hierarchical data,,,,
Longitudinal data,Video,Geography and longitudinal data,https://www.youtube.com/watch?v=Nw_6QA_KfCs,Explore data,Understand how to use multi-level methods to analyse different types of data ,Temporal data,,,,
Longitudinal data,Video,Geography and longitudinal data,https://www.youtube.com/watch?v=Nw_6QA_KfCs,Explore data,Understand how to use multi-level methods to analyse different types of data ,Spatial data,,,,
Longitudinal data,PDF,10 top tips for citing data,https://ukdataservice.ac.uk/app/uploads/toptentips.pdf,Share findings,Cite data and software,,,,,
Longitudinal data,PDF,Publishing and citing research data,https://ukdataservice.ac.uk/app/uploads/publishingcitingdata.pdf,Share findings,Share data for re-use,Which data can be shared,,,,
Longitudinal data,PDF,Publishing and citing research data,https://ukdataservice.ac.uk/app/uploads/publishingcitingdata.pdf,Share findings,Share data for re-use,Where can data be shared,,,,
Longitudinal data,PDF,Publishing and citing research data,https://ukdataservice.ac.uk/app/uploads/publishingcitingdata.pdf,Share findings,Share data for re-use,How can data be shared,,,,
Secure data,Website,Access levels and conditions,https://ukdataservice.ac.uk/find-data/access-conditions/,Get data,Understand UKDS access conditions,,,,Complete,"Provides links to pages regarding different levels of access e.g. open access, safeguarded, SecureLab data."
Secure data,Website,Five Safes framework,https://ukdataservice.ac.uk/help/secure-lab/what-is-the-five-safes-framework/,Get data,Understand UKDS access conditions,The Five Safes framework,,,Complete,
Secure data,Website,Who can apply to access SecureLab,https://ukdataservice.ac.uk/help/secure-lab/am-i-eligible-to-apply-to-access-securelab/,Get data,Understand UKDS SecureLab,Access criteria,,,Complete,
Secure data,Website,Apply to access controlled data in SecureLab,https://ukdataservice.ac.uk/find-data/access-conditions/secure-application-requirements/,Get data,Understand UKDS SecureLab,Different secure data application pathways,,,,"Provides links to different application pathways e.g. Apply to access non-ONS data, Apply to access ONS data. Also includes different links for SecureLab application guidance. "
Secure data,Website,Apply to access controlled data in SecureLab,https://ukdataservice.ac.uk/find-data/access-conditions/secure-application-requirements/,Get data,Understand UKDS SecureLab,Understand application process,,,,
Secure data,Website,COVID-19 SecureLab FAQs,https://ukdataservice.ac.uk/help/covid-19/covid-19-accessing-securelab-faqs/,Get data,Understand UKDS SecureLab,Access criteria,,,Complete,Provides links to resources for accessing secure data at home
Secure data,Website,What is the UK Data Service SecureLab,https://ukdataservice.ac.uk/help/secure-lab/what-is-securelab/,Get data,Understand UKDS SecureLab,Type of data,,,Complete,
Secure data,Website,General SecureLab FAQs,https://ukdataservice.ac.uk/help/secure-lab/securelab-faqs/,Get data,Understand UKDS SecureLab,Difference between SecureLab and ONS Secure Research Service,,,Complete,
Secure data,Website,General SecureLab FAQs,https://ukdataservice.ac.uk/help/secure-lab/securelab-faqs/,Get data,SecureLab access criteria,Secure Access User Agreement,,,,
Secure data,Website,General SecureLab FAQs,https://ukdataservice.ac.uk/help/secure-lab/securelab-faqs/,Get data,SecureLab access criteria,Safe Researcher training,,,,
Secure data,Website,General SecureLab FAQs,https://ukdataservice.ac.uk/help/secure-lab/securelab-faqs/,Get data,Understand UKDS SecureLab,How to use it,,,,
Secure data,Website,General SecureLab FAQs,https://ukdataservice.ac.uk/help/secure-lab/securelab-faqs/,Get data,Awareness of why access conditions exist,Statistical disclosure control,,,,
Secure data,Website,General SecureLab FAQs,https://ukdataservice.ac.uk/help/secure-lab/securelab-faqs/,Manage data,Understand statistical disclosure control,How to apply for SDS output to be checked,,,,
Secure data,Website,General SecureLab FAQs,https://ukdataservice.ac.uk/help/secure-lab/securelab-faqs/,Manage data,Understand statistical disclosure control,Which outputs are returned to users,,,,
Secure data,Website,General SecureLab FAQs,https://ukdataservice.ac.uk/help/secure-lab/securelab-faqs/,Get data,Awareness of why access conditions exist,Penalties for breach in terms of access,,,,
Secure data,Website,Project roles and different requirements,https://ukdataservice.ac.uk/help/secure-lab/project-roles-and-different-access-requirements/,Get data,Understand UKDS SecureLab,Project roles and different requirements,,,Complete,Only relevant to researchers that are working within a large team on a project.
Secure data,Website,Training requirements to access SecureLab,https://ukdataservice.ac.uk/help/secure-lab/training-requirements/,Get data,SecureLab access criteria,Safe Researcher training,,,,
Secure data,Website,Changes to your project after approval,https://ukdataservice.ac.uk/help/secure-lab/changes-to-your-project-after-approval/,Get data,Understand UKDS SecureLab,How to make changes to project atfter approval,,,,
Secure data,Website,Completing the Secure Access User Agreement,https://ukdataservice.ac.uk/help/secure-lab/secure-access-user-agreement/,Get data,SecureLab access criteria,Secure Access User Agreement,,,,
Secure data,Website,SecureLab application turnaround times,https://ukdataservice.ac.uk/help/secure-lab/application-turnaround-times/,Get data,Understand UKDS SecureLab,Understand application process,,,Complete,
Secure data,Video,The 5 Safes of secure access to confidential data,https://www.youtube.com/watch?v=Mln9T52mwj0,Get data,Understand UKDS access conditions,The Five Safes framework,,,Complete,Great resource. Highlights best practices for providing safe access to confidential information.
Secure data,Website,Further resources on legal issues,https://ukdataservice.ac.uk/learning-hub/research-data-management/data-protection/further-resources-on-legal-issues/,Manage data,Understand statistical disclosure control,,,,Complete,"Provides links to resources on data protection, GDPR and disclosure assessment:   • FAQs on the GDPR and research and archiving (PDF) • Guide to archiving personal data (PDF) • Step-by-step compliance with GDPR (PDF) • GDPR Q&As (PDF)  • ONS Policy for Social Survey Microdata (PDF) • ONS Disclosure Control Guidance for Microdata Produced from Social Surveys (Word). • ONS Disclosure Control Guidance for Microdata Produced from Social Surveys - Case studies (Word). • ONS Guidance for the release of an open data file (Word). • ICO guidance on Data Protection Impact Assessments."
Secure data,Video,How to log into Secure Lab February 2021,https://www.youtube.com/watch?v=QSXmJKeQXOk,Get data,Understand UKDS SecureLab,How to use it,,,Complete,
Secure data,Video,Accessing Data June 2020,https://www.youtube.com/watch?v=P7MBvPqvi1s,Get data,Understand UKDS SecureLab,Access criteria,,,Edit needed,
Secure data,Video,The 10 Most Common Secure Lab Output Request Issues (A Quick Guide) April 2021,https://www.youtube.com/watch?v=xqZKrYAtu1Q,Manage data,Understand statistical disclosure control,Awareness of common output request issues,,,Complete,
Secure data,Video,Using Secure Lab efficiently,https://www.youtube.com/watch?v=be3F-c-K3hw,Get data,Understand UKDS SecureLab,How to use it,,,Edit needed,
Secure data,Video,What data can be found in Secure Lab?,https://www.youtube.com/watch?v=tY4BjJSxNfk,Get data,Understand UKDS SecureLab,Type of data,,,Complete,
